score,keywords
81.75317460317461,gene expression
69.97575427792819,"sequencing, microrna"
59.30691721132897,"methylation, analysis"
57.509661835748794,"cell cycle, DNA"
54.66666666666667,"proteins, enzymes"
49.86857142857143,"treatment, target genes"
49.81397860773798,"CNA, epigenetics"
49.731884057971016,"dna, proteins"
48.22450980392158,"IHC, breast cancer"
46.477777777777774,"tumor, treatment"
