score,keywords
407.9345291064145,"gene,  pathways"
147.99235886836394,"therapy, treatment"
106.30436056792016,"key proteins, growth factors"
100.88506758351029,"cell, receptors"
82.08239723938075,"breast cancer, diagnosed"
81.78571428571429,"mutation, pathway"
77.32178649237473,"hormone, disease"
73.93594654992114,"tumor, metastasis"
72.94799552997907,"breast cancer, female"
72.93273092369478,"tumor, model"
